submission;author;created;retrieved
lalugc;ninjuh808;1612234997;1612231463
lalufj;CraaazySteeeve;1612234995;1612231463
lalucf;DeeJay_Roomba;1612234985;1612231463
lalu7e;vid_icarus;1612234973;1612231463
laltz6;SwitchUpCB;1612234952;1612231463
laltwy;oaklanda;1612234946;1612231463
laltpq;coinsmash1;1612234928;1612231463
laltl1;Ben_Burndanke;1612234916;1612231463
laltiq;ninjuh808;1612234910;1612231463
lalsvo;cloudyoutside;1612234858;1612231463
lals8v;cking960000;1612234812;1612231463
lalrkd;AsianPotatoMD;1612234752;1612231463
lalr0v;TigerMatahari;1612234700;1612231463
lalqvd;seebz69;1612234685;1612231463
lalqf8;hillmanoftheeast;1612234642;1612231463
lalqdx;West_Stress_9726;1612234638;1612231463
lalq18;TianObia;1612234603;1612231463
lalptj;Vegamav85;1612234583;1612231463
lalpsd;_noddy;1612234580;1612231463
lalpou;apocalysque;1612234571;1612231463
lalp7f;JaheiraDoUrdon;1612234523;1612231463
lalotf;AH_Josh;1612234486;1612231463
lalomr;drchris23;1612234472;1612231463
lalofd;TheBigChiefsGuy;1612234452;1612231463
lalobw;Forbidden-Chemical;1612234444;1612231463
lalnt0;TheAngryMonkeyShow;1612234393;1612231464
lalnju;PDX4;1612234369;1612231464
laln06;HarveyRosss;1612234320;1612231464
lalmvv;Dr_Waffle75;1612234310;1612231464
lalmlp;Thatboyrc559;1612234284;1612231464
lalm9y;RevolutionaryCloud68;1612234256;1612231464
lalm80;Tokyo630;1612234251;1612231464
lallqg;johntwit;1612234204;1612231464
lallgv;Ok-Ability717;1612234179;1612231464
lalkjf;mediummiller;1612234098;1612231464
lalkff;sammyaxelrod;1612234089;1612231464
lalked;meta-cognizant;1612234086;1612231464
laljmb;30withneeds;1612234013;1612231464
laljfq;qu33rkill3r;1612233997;1612231464
lalje2;Puzzleheaded-Air9290;1612233993;1612231464
lalj8h;Hello-There-Im-Zach;1612233978;1612231464
lalipz;rustyscissorhands;1612233931;1612231464
lalimc;ComeAbout;1612233923;1612231464
laliji;BESTofBUFFALO;1612233916;1612231464
lalhkz;Former-Sand-1716;1612233826;1612231464
lalhi7;consultinglove;1612233819;1612231464
lalhfl;President_Wolfe;1612233812;1612231464
lalhed;diggonomics;1612233809;1612231464
lalgc9;MrMooMoo-;1612233711;1612231464
lalgby;ToNeverWaver;1612233711;1612231464
lalg87;Upside-down-tree;1612233700;1612231465
lalez1;d_909;1612233589;1612231465
lale8a;ButtFarm69;1612233521;1612231465
laleeu;vfxJustice;1612233537;1612231465
lald3n;MaliciousWolf;1612233417;1612231465
lald38;RVCFever;1612233416;1612231465
lalcvu;Clear-Unit4690;1612233395;1612231465
lalcjr;RSchaeffer;1612233365;1612231465
lalcjb;tmalcalay;1612233364;1612231465
lalbjk;Small_Bitez;1612233273;1612231465
lalaqy;Duchamp1945;1612233205;1612231465
lal9yi;indicafire1;1612233133;1612231465
lal9mt;jizzletizzle;1612233101;1612231465
lal8so;sh4x0r;1612233024;1612231465
lal8a8;Rika66;1612232982;1612231465
lal7qt;Allmightydohllah;1612232932;1612231465
lal7nk;jayoder;1612232923;1612231465
lal7mk;adamtc4;1612232921;1612231465
lal7ie;atrilluh;1612232911;1612231465
lal7h7;francewavidok;1612232908;1612231465
lal6zh;phoquenut;1612232860;1612231465
lal6qz;Kill3dhot;1612232839;1612231465
lal6oy;ceramiccoated;1612232833;1612231465
lal66x;youngbutgood;1612232788;1612231465
lal52m;tsa004;1612232684;1612231465
lal4l3;MassCasualty;1612232638;1612231466
lal4ku;Poland_Spring10;1612232637;1612231466
lal3v8;Mickeymains;1612232576;1612231466
lal3cc;JMasterJSpin;1612232531;1612231466
lal3ah;wopies;1612232526;1612231466
lal2rs;Somadis;1612232480;1612231466
lal2m6;Seamarshall;1612232466;1612231466
lal2ic;begopa-;1612232457;1612231466
lal2db;MoistRegrets;1612232443;1612231466
lal236;Maple_Butter952;1612232419;1612231466
lal1g7;Stylux;1612232359;1612231466
lal1d3;EcsitStrategy;1612232352;1612231466
lal147;PhaetonSiX;1612232330;1612231466
lal105;wallstreetboyfriend;1612232320;1612231466
lal0g0;Creative-Store;1612232272;1612231466
lakzi8;red-t-shirt;1612232189;1612231466
lakzi3;MGunMike;1612232189;1612231466
lakz1c;HitAnyButton;1612232149;1612231466
lakyrs;descoladan;1612232125;1612231466
lakyih;WiglyWorm;1612232105;1612231466
laky5y;awesomedan24;1612232075;1612231466
laky1j;adamwcordell;1612232064;1612231466
lakxuk;Backabeyond77;1612232046;1612231466
lakxit;imhostfu;1612232016;1612231466
lakxb1;ChristianCcr;1612232000;1612231466
lakwmv;raymondtran1206;1612231937;1612231468
lakwf4;Darklink834;1612231916;1612231468
lakw2q;CoreEJK;1612231886;1612231468
lakvm7;Soitgoes_44;1612231844;1612231468
lakvih;BobbytheBuilder24;1612231835;1612231468
lakve5;bpawsitive;1612231825;1612231468
lakuon;indianfungus;1612231764;1612231468
lakt6q;myuserid4;1612231631;1612231468
lakt0j;real-human-beings;1612231616;1612231468
lakst6;livimana;1612231598;1612231468
laksqk;spunderful;1612231593;1612231468
laksjy;juxsa;1612231578;1612231468
laksdu;MascforRH;1612231566;1612231468
lakrt8;Chr15t0ph3r85;1612231520;1612231468
lakrd4;The_Bossss;1612231484;1612231468
lakqv9;SkurtCobaiin;1612231442;1612231468
lakppx;Chiaope;1612231356;1612231468
lakov7;a-big-texas-howdy;1612231291;1612231468
lakonx;Z_o_f_o;1612231275;1612231468
lakon8;EyesUpHereLady;1612231274;1612231468
lako4a;wyattgoes2mars;1612231234;1612231468
lako10;deepechain;1612231227;1612231468
laknb8;poopstar21;1612231176;1612231468
lakn7b;mstrego;1612231166;1612231468
lakn5g;saintsupreme;1612231161;1612231468
lakled;dr_engineer_phd;1612231018;1612231469
lakle7;mangoking05;1612231017;1612231469
lakkto;Kde_99;1612230968;1612231469
lakkoc;Richyagarwal;1612230954;1612231469
lakk6a;InternationalShape29;1612230913;1612231469
lakk2t;o0c3drik0o;1612230906;1612231469
lakjze;laplaciandaemon;1612230897;1612231469
lakjki;starslab;1612230863;1612231469
lakjdp;vasDcrakGaming;1612230846;1612231469
lakjcz;RPMayhem;1612230844;1612231469
lakir7;MandaloreTheLast;1612230788;1612231469
laki6s;Stinky_Fat_Whale;1612230742;1612231469
laki1v;blueteambluz;1612230731;1612231469
lakhxe;BadassMcGass;1612230721;1612231469
lakhl4;Im_your_copywriter;1612230696;1612231469
lakhh2;hiroue;1612230686;1612231469
lakhem;xZaggin;1612230679;1612231469
lakh78;Humble_Design_921;1612230660;1612231469
lakh41;HarveyRosss;1612230650;1612231469
lakh3k;riko0123;1612230648;1612231469
lakh0v;koavf;1612230642;1612231469
lakgy3;jeremys6;1612230634;1612231469
lakgwo;comboverice;1612230631;1612231469
lakgr7;Socketdeer;1612230619;1612231469
lakgh0;a2089;1612230594;1612231469
lakfze;TransSpeciesDog;1612230553;1612231470
lakf9a;Teemo222;1612230493;1612231470
lake06;yolo_howla;1612230383;1612231470
lakdxv;pennyether;1612230378;1612231470
lakdie;TormundGiantsbone;1612230342;1612231470
lakdfn;Jacnumber3;1612230335;1612231470
lakdez;SpecialistAd9908;1612230333;1612231470
lakd2r;antifrgl01;1612230304;1612231470
lakcy8;monty7869;1612230292;1612231470
lakcai;DarkDeathBlade;1612230236;1612231470
lakbx2;GBAKES1017;1612230203;1612231470
lakbc9;Dannyshia;1612230154;1612231470
lakaib;Justcallmewalker;1612230088;1612231470
laka7g;ActuallyStephen;1612230064;1612231470
laka0o;power_gnome;1612230053;1612231470
lak8ji;stratomaster82;1612229944;1612231470
lak7jv;Onlyknown2QBs;1612229853;1612231470
lak7g6;hosermage;1612229843;1612231470
lak773;AutoDrafter2020;1612229822;1612231470
lak716;Raffimac;1612229808;1612231470
lak70m;ze_end_ist_neigh;1612229807;1612231470
lak6ui;illusionist_iv;1612229791;1612231470
lak64b;Gimpurr;1612229746;1612231470
lak5pd;Vicengineer;1612229721;1612231470
lak4mb;true_happeniss;1612229629;1612231470
lak4ix;Sammy381;1612229620;1612231472
lak4hh;Santiago6583;1612229616;1612231472
lak3y8;WardoftheWood;1612229568;1612231472
lak3v8;t35t0r;1612229560;1612231472
lak3pn;N0rma1_guy;1612229544;1612231472
lak3n1;theriffer2020;1612229536;1612231472
lak3gj;elartefakto;1612229520;1612231472
lak3ej;Kintave;1612229514;1612231472
lak32v;Axeltoss;1612229483;1612231472
lak31s;AbruptRope;1612229480;1612231472
lak244;blthmsphlp;1612229397;1612231472
lak21t;-KeepItMoving;1612229393;1612231472
lak1h3;sovereignparty;1612229341;1612231472
lak0zl;Down-the-reddit-hole;1612229295;1612231472
lak0mj;anikom15;1612229265;1612231472
lak0in;imsmallandquick;1612229256;1612231472
lak0ii;Penistown64;1612229255;1612231472
lak0f5;Diamondhandss;1612229245;1612231472
lajyud;zane_wi;1612229108;1612231472
lajyes;ThadPol;1612229068;1612231472
lajy23;redditkulous;1612229040;1612231472
lajxc5;fUnkleRico;1612228975;1612231472
lajwz1;blthmsphlp;1612228943;1612231472
lajvb9;golfjunkie24;1612228829;1612231472
lajvaj;DerbDsoul;1612228827;1612231472
lajuzf;throwaway386;1612228803;1612231473
lajuss;CoronaEraXpertTrader;1612228786;1612231473
lajujr;ScaredDonuts;1612228764;1612231473
lajua1;cslak;1612228741;1612231473
laju88;chrisp803;1612228737;1612231473
laju73;Mr_Hanshii;1612228734;1612231473
lajtf3;datasiantommy;1612228668;1612231473
lajsto;pjorgypjorg;1612228619;1612231473
lajsrl;iceewest;1612228614;1612231473
lajqr4;lantern_fan;1612228483;1612231473
lajqqy;atrophy1999;1612228482;1612231473
lajql0;cuki321;1612228467;1612231473
lajqe3;PossibilityQuirky620;1612228452;1612231473
lajpxi;H-Doggy;1612228413;1612231473
lajprd;KyloFenn;1612228397;1612231473
lajpof;bettercallsaully;1612228390;1612231473
lajows;Skrtskrtbitch;1612228323;1612231473
lajor0;Worried-Counter-958;1612228308;1612231473
lajoee;Udiggity007;1612228277;1612231473
lajo6i;PdawgOptions;1612228258;1612231473
lajnfo;Solchazz;1612228203;1612231473
lajne6;HolyGig;1612228198;1612231473
lajnds;Kyerswa;1612228198;1612231473
lajn2y;Snoo99990;1612228170;1612231473
lajmvn;MasterSgtStriker;1612228153;1612231473
lajmvd;crunchybucket86;1612228153;1612231474
lajmtk;No_Seesaw1134;1612228149;1612231474
lajmt0;AsIWit;1612228147;1612231474
lajmdk;Kingace__;1612228111;1612231474
lajm0f;_J3ff;1612228080;1612231474
lajk83;DeludedRaven;1612227933;1612231474
lajjue;thebluereddituser;1612227901;1612231474
lajjs2;2001kraft;1612227897;1612231474
lajj54;IAmTheDownbeat;1612227848;1612231474
lajisp;livevitcelfer;1612227818;1612231474
lajicb;alexkillough;1612227779;1612231474
laji29;spinellipelly;1612227756;1612231474
laji1d;ArchJamesI;1612227753;1612231474
lajhx0;BENshakalaka;1612227744;1612231474
lajhb4;kokkomo;1612227692;1612231474
lajg0n;BioSeq;1612227613;1612231474
lajfpz;Rooty9;1612227590;1612231474
lajfmh;Kobeis2pac;1612227582;1612231474
lajfk6;WelcomeToGamehendge;1612227577;1612231474
lajfc8;Roanoa_Zoro;1612227558;1612231474
lajew2;solongoldbean89;1612227516;1612231474
lajeo7;LeverageToMyPRT;1612227497;1612231474
laje4j;THEE_6149;1612227450;1612231474
lajdta;muted_Q;1612227424;1612231474
lajdi4;samcroft11;1612227400;1612231474
lajdgn;Mysterious-Self9874;1612227397;1612231475
lajd9s;-N-8-;1612227385;1612231475
lajcl5;ps500;1612227342;1612231475
lajc9e;NewtoInvesting_;1612227321;1612231475
lajc9d;jorgeorpinel;1612227321;1612231475
lajb9u;thebomb602;1612227247;1612231475
lajb1o;andizzle23;1612227225;1612231475
lajan8;michaelmoshy;1612227194;1612231475
lajagn;tonibushido00;1612227178;1612231475
laja2p;PseudonymousPal;1612227146;1612231475
laj9jl;freshpippin;1612227107;1612231475
laj97z;speculative_non_spec;1612227078;1612231475
laj97s;sarayewo;1612227078;1612231475
laj86z;Nyani_Sore;1612227010;1612231475
laj85y;Just_Another_AI;1612227007;1612231475
laj806;kpape019;1612226993;1612231475
laj7vo;Mets4Ever2k;1612226985;1612231475
laj7bs;VeryIgnorantPenis;1612226938;1612231475
laj76z;Demi_em;1612226926;1612231475
laj72e;ungeilimage;1612226914;1612231475
laj6ed;ImaginaryRobbie;1612226858;1612231475
laj5rb;Headline123;1612226799;1612231475
laj5mk;junjie21;1612226788;1612231475
laj59s;Environmental_Prune5;1612226757;1612231475
laj53o;feardabeard30;1612226742;1612231475
laj4lw;Kriten85;1612226705;1612231477
laj4k9;Saintsfan_9;1612226700;1612231477
laj4f3;SmithRune735;1612226687;1612231477
laj2rv;SebastianPatel;1612226544;1612231477
laj2jk;AH_Josh;1612226525;1612231477
laj2hf;KramKamrat;1612226520;1612231477
laj2gk;dey_turk_our_joorbs;1612226519;1612231477
laj28u;ThePizzaDeliveryM3n;1612226502;1612231477
laj26k;indonesian_activist;1612226496;1612231477
laj1ws;Leash_Me_Blue;1612226473;1612231477
laj1ug;mmanseur;1612226468;1612231477
laj1lj;Andy_McBoatface;1612226453;1612231477
laj1gd;npullen357;1612226440;1612231477
laj0t5;Lrproductionsuk;1612226385;1612231477
laj0k8;INTXTeacher;1612226363;1612231477
laj0gs;Peter0x;1612226353;1612231477
laj01s;Fit_4_Life22;1612226315;1612231477
laizs5;Eequalsmcvajayjay;1612226294;1612231477
laizgj;Precocious_Kid;1612226266;1612231477
laizdh;1832pro;1612226259;1612231477
laiyl9;leadehh;1612226197;1612231477
laiygo;stefig1994;1612226189;1612231477
laiydu;ForcesOfNurture;1612226184;1612231477
laiyat;longlivekingjordan;1612226180;1612231477
laixwy;lol_Madi;1612226157;1612231477
laixf2;EffingDankrupt;1612226127;1612231478
laixay;notorious_p_a_b;1612226118;1612231478
laix2u;GeorgeTultan;1612226102;1612231478
laiwtp;VideoStandard408;1612226081;1612231478
laiwhz;Legin_666;1612226053;1612231478
laiw3j;Noonish1234;1612226019;1612231478
laiw2w;TakDrifto;1612226017;1612231478
laiuz6;billyatlava;1612225929;1612231478
laiu1g;imaginebeingabear;1612225863;1612231478
laiurd;gabrielash1;1612225911;1612231478
laiuo8;BridgeLiving8558;1612225903;1612231478
laiun5;GmeCalls-UrWifesBf;1612225900;1612231478
laitzo;AndromedaMusik;1612225860;1612231478
laith4;spiritual84;1612225829;1612231478
laistm;Max_Stoned;1612225788;1612231478
laispi;Nattou11zz;1612225779;1612231478
laisoz;Jackhiy99;1612225778;1612231478
lairpy;Lenwe_Calmacil;1612225694;1612231478
lairhn;Mountain_Select;1612225673;1612231478
laiqvn;SD_JDM;1612225618;1612231478
laiq5h;iurnaux;1612225554;1612231478
laiq47;drdr3ad;1612225551;1612231478
laipfa;lonewanderer;1612225492;1612231478
laip62;tomdorr95;1612225470;1612231478
laioks;184Marlowe;1612225425;1612231478
laioaq;civiksi;1612225402;1612231479
laio28;MadMax7777;1612225381;1612231479
lainqg;InRealLife904;1612225357;1612231479
lain3x;Davian94;1612225304;1612231479
lain3k;katkk;1612225304;1612231479
lain3e;adioking;1612225303;1612231479
laimtj;ShortTermLongForm;1612225282;1612231479
laimkt;vaifen;1612225263;1612231479
laimcd;HoozHe;1612225241;1612231479
lailzd;MothAliens;1612225210;1612231479
laild2;BrandinoGames;1612225154;1612231479
lail8f;youknownothingsnooow;1612225144;1612231479
lail49;quyensanity;1612225133;1612231479
lail3g;AlienInAnOrangeBall;1612225131;1612231479
lail27;captain-cuckaroo;1612225128;1612231479
laikxm;NikCastagno;1612225116;1612231479
laikk5;NarrowBoatLover;1612225084;1612231479
laikfg;Drunk_CPA;1612225073;1612231479
laikd0;ColdaxOfficial;1612225067;1612231479
laijn0;Livingdivineus;1612225008;1612231479
laij9o;jennysonson;1612224978;1612231479
laiiuj;NightcoreRo;1612224945;1612231479
laiihw;lifeofbob;1612224915;1612231479
laiihf;Emilio310;1612224914;1612231479
laiih5;davisguc;1612224913;1612231479
laiiab;Guyacnj;1612224897;1612231480
laii8r;CoreyV98;1612224893;1612231480
laii58;ThaiYourShoes;1612224885;1612231480
laii1i;Chogo82;1612224876;1612231480
laii12;mootymoots;1612224875;1612231480
laihwd;Sgt_Maddin;1612224863;1612231480
laiht4;hung-like-a-seahorse;1612224855;1612231480
laihpm;Affectionate_Ad7668;1612224846;1612231480
laihdz;Astrosalad;1612224817;1612231480
laihdr;Aliopk;1612224817;1612231480
laih8l;bakjin;1612224805;1612231480
laih3o;Juliemylove;1612224795;1612231480
laigue;Famous_Ice_1766;1612224772;1612231480
laigu7;JuvenileRockmover;1612224771;1612231480
laignl;aji23;1612224755;1612231480
laign1;Rg9316;1612224754;1612231480
laigi7;EskettiMySpaghetti;1612224738;1612231480
laig3o;Skateskull;1612224702;1612231480
laifyg;Legolas_i_am;1612224689;1612231480
laifxv;Driki07;1612224688;1612231480
laifvr;livelyfire;1612224683;1612231480
laifeq;VerySlump;1612224658;1612231480
laif1t;pblack476;1612224638;1612231480
laiemw;stfnqllt;1612224612;1612231480
laiecr;Azihayya;1612224589;1612231480
laie4z;gpot97;1612224569;1612231482
laid5d;killakast714;1612224490;1612231482
laid25;SethCaleb77;1612224482;1612231482
laicv0;taiwansteez;1612224464;1612231482
laict1;thepigvomit;1612224461;1612231482
laicb1;nepaliamerican;1612224420;1612231482
laic8a;CommanderCorson;1612224414;1612231482
laic11;SixOneFive615;1612224398;1612231482
laic06;Frostayyyyy;1612224396;1612231482
laibtj;YeetYourBroke;1612224381;1612231482
laibo9;paccount1122;1612224371;1612231482
lai96g;johntwit;1612224186;1612231482
lai8zd;HazeyFog;1612224170;1612231482
lai8qi;openshell;1612224151;1612231482
lai8ge;dgdino;1612224128;1612231482
lai851;MooseBoys;1612224103;1612231482
lai81f;Daniel_MDAx;1612224096;1612231482
lai796;soggypoopsock;1612224052;1612231482
lai6nz;EvanSandman;1612224016;1612231482
lai5xk;Wu-Han;1612223972;1612231482
lai5w4;Bliss266;1612223969;1612231482
lai5uh;ilovexbox27;1612223964;1612231482
lai5qv;NZ_Troll;1612223957;1612231482
lai5cy;Worried-Counter-958;1612223924;1612231482
lai50c;stillness0072;1612223898;1612231482
lai4wp;JinnPhD;1612223889;1612231483
lai4r0;ChrisAllmeid;1612223875;1612231483
lai4j5;ItsRoyceCoolidge;1612223854;1612231483
lai4ie;youngscallion;1612223853;1612231483
lai4e1;realsheldonnoll;1612223843;1612231483
lai4d5;Bigbaldbob;1612223841;1612231483
lai4ax;sey1;1612223836;1612231483
lai3qh;bakedwafer;1612223790;1612231483
lai3ot;Paladinhgwtx;1612223786;1612231483
lai3oc;FTWOBLIVION;1612223785;1612231483
lai3hb;pinkcoco13;1612223768;1612231483
lai3eg;Chrismike111;1612223761;1612231483
lai3b8;pabslap;1612223754;1612231483
lai3b5;flyng_sailor;1612223754;1612231483
lai36m;Benatako;1612223744;1612231483
lai30m;yabou456;1612223727;1612231483
lai2w4;breakevencloud;1612223717;1612231483
lai2cp;watuchatinboutwillis;1612223672;1612231483
lai275;spike142;1612223661;1612231483
lai25w;tressforsuccess;1612223659;1612231483
lai218;ThanosGNS;1612223648;1612231483
lai1s3;StoryAndAHalf;1612223629;1612231483
lai1hr;liveryandonions;1612223605;1612231483
lai1fi;Drazardd;1612223599;1612231483
lai1dk;konafa12;1612223594;1612231483
lai180;Hekidayo;1612223582;1612231485
lai15g;MyMomsGuestRoom;1612223577;1612231485
lai154;Hybrid-Moment;1612223576;1612231485
lai0mb;aartif;1612223533;1612231485
lai0gp;Tludlum17;1612223521;1612231485
lai0du;savagecivilian9;1612223513;1612231485
lai0ag;ajay8052;1612223505;1612231485
lahzob;a_bonds28;1612223458;1612231485
lahzms;losershot;1612223454;1612231485
lahzhf;itwasnotaliens;1612223441;1612231485
lahzgb;Annapolis_DMV;1612223439;1612231485
lahygb;FFRespect;1612223360;1612231485
lahyg0;Cashpoorcapital;1612223360;1612231485
lahy3i;darthpotato94;1612223333;1612231485
lahxvn;elizamushtryia;1612223315;1612231485
lahxql;Cultural_Gap3786;1612223303;1612231485
lahx7d;mfruge3981;1612223261;1612231485
lahwxj;ButReallyAreYouEatin;1612223241;1612231485
lahwo5;9Jon72;1612223221;1612231485
lahwmt;Worried-Counter-958;1612223217;1612231485
lahw2c;aNxello;1612223171;1612231485
lahw0f;X-Boozemonkey-X;1612223166;1612231485
lahvtf;yabou456;1612223152;1612231485
lahvcz;Michael12390;1612223124;1612231485
lahv5y;jpm_1988;1612223112;1612231485
lahutb;Pure-Classic-1757;1612223087;1612231486
lahurr;SMALLlawORbust;1612223083;1612231486
lahuo1;GreekTycoon;1612223075;1612231486
lahuh1;kookrew;1612223062;1612231486
lahu28;kufuuuu;1612223030;1612231486
lahtvs;mightyduck19;1612223016;1612231486
lahttc;Difficult-Topic586;1612223012;1612231486
lahtqu;VerySlump;1612223006;1612231486
lahtjf;StopTheMineshaftGap;1612222993;1612231486
lahso5;Freadwalker;1612222923;1612231486
lahs9p;Substantial-Ad-9843;1612222894;1612231486
lahs5m;Hyper-Silence;1612222887;1612231486
lahrrc;28751MM;1612222866;1612231486
lahrqm;House251;1612222865;1612231486
lahqoh;thabat;1612222802;1612231486
lahpca;Mortamus978;1612222688;1612231486
lahooi;geb161;1612222635;1612231486
lahol0;PrinceOfNothing13;1612222626;1612231486
lahoev;Golf4283;1612222610;1612231486
lahod6;tgejesse;1612222607;1612231486
lahnta;nyhc_est;1612222562;1612231486
lahnmw;Fuzzyoneruri;1612222546;1612231486
lahnlk;_nonredditer_;1612222543;1612231486
lahnek;Omario220;1612222532;1612231486
lahn4e;coinsmash1;1612222511;1612231486
lahmhc;Macker0112;1612222458;1612231488
lahmh7;AikoK;1612222457;1612231488
lahmei;Powor;1612222451;1612231488
lahlxa;yakkamah;1612222414;1612231488
lahlt3;vonteity76;1612222404;1612231488
lahlre;adriansadiq;1612222400;1612231488
lahlpu;thepeacockspeaks;1612222397;1612231488
lahla3;Starkzfn;1612222362;1612231488
lahl08;tinypenisguy4;1612222340;1612231488
lahktn;surfer808;1612222323;1612231488
lahksj;btmawn;1612222322;1612231488
lahkkv;Belyssus;1612222303;1612231488
lahk8l;cerek17;1612222277;1612231488
lahk53;master0jack;1612222268;1612231488
lahjyd;EnclaveAdmin;1612222252;1612231488
lahjof;The_Spicy_Nugget;1612222226;1612231488
lahjoc;iamnixx;1612222226;1612231488
lahjlz;Sudden-Confusion-864;1612222221;1612231488
lahj9m;lolyr;1612222195;1612231488
lahj39;akibalogh;1612222178;1612231488
lahitt;nptennis32;1612222158;1612231488
lahint;IamARealEstateBroker;1612222144;1612231488
lahih0;MarauderHappy3;1612222130;1612231488
lahib2;POTUS-JebKush;1612222116;1612231488
lahhqk;Livingdivineus;1612222068;1612231488
lahhos;_flaridaMarlin;1612222064;1612231489
lahhg1;desert-octopus;1612222043;1612231489
lahh4q;Pwn1992;1612222017;1612231489
lahgwj;PaulP97;1612221997;1612231489
lahflp;MomofGeorge;1612221892;1612231489
lahfhq;benroyko;1612221884;1612231489
lahfh1;kcorjmai;1612221882;1612231489
lahetx;shoopthecoop;1612221832;1612231489
lahekn;someonerezcody;1612221813;1612231489
laheh9;Samrockswin;1612221805;1612231489
lahe9d;samanimal69;1612221792;1612231489
lahe8d;marcotonetti;1612221790;1612231489
lahdzj;wishihadaps42;1612221771;1612231489
lahdlf;TheCorporealWitness;1612221740;1612231489
lahdbn;rusthrow;1612221718;1612231489
lahczr;Emotional-Roof-7728;1612221692;1612231489
lahcyj;kris673;1612221690;1612231489
lahbub;thegoobyking;1612221627;1612231489
lahcsd;NHNE;1612221680;1612231489
lahckk;InfIorescence;1612221667;1612231489
lahby4;double_a_mtl;1612221633;1612231489
lahbuu;mikeyy956;1612221628;1612231489
lahbuq;SnooLentils6538;1612221628;1612231489
lahbdv;dobeos;1612221599;1612231489
lahb3t;DoodleBungus;1612221574;1612231489
lahb2k;earnestlikehemingway;1612221571;1612231490
lahb2g;NewHouseWhatsThis;1612221571;1612231490
lahags;MedinainMiami;1612221525;1612231490
lahagd;Good_vibes311;1612221524;1612231490
lahaec;AlleyboyPain;1612221520;1612231490
laha49;Affectionate_Yam_489;1612221496;1612231490
laha43;tomsal814;1612221496;1612231490
lah9pc;ILoveYouClown;1612221462;1612231490
lah9b0;kinosilent;1612221430;1612231490
lah9ao;FlyBoy0112;1612221429;1612231490
lah950;fiannavp1;1612221417;1612231490
lah8tm;veritesq;1612221393;1612231490
lah8qn;TravelinMan4;1612221385;1612231490
lah8ho;Seatt50kd;1612221370;1612231490
lah8fb;erodotok;1612221366;1612231490
lah8e5;Famous_Ad8117;1612221365;1612231490
lah896;Sky-is-here;1612221358;1612231490
lah86x;Rambo2307;1612221354;1612231490
lah82o;ghostofdreadmon;1612221346;1612231490
lah7pn;Dmatt575;1612221325;1612231490
lah7e0;FarceMultiplier;1612221304;1612231490
lah7bn;tl-93;1612221299;1612231490
lah775;kfk81;1612221288;1612231490
lah6si;bitcoinsaiyan;1612221255;1612231490
lah6ly;dhalem;1612221241;1612231490
lah6br;Warmind_;1612221220;1612231492
lah62y;Dan_502;1612221200;1612231492
lah5zj;ReptilianClone;1612221193;1612231492
lah5yf;JimEasy;1612221191;1612231492
lah5rb;Ned_Flanderz;1612221175;1612231492
lah4zp;DrSecret007;1612221115;1612231492
lah4xi;Apprehensive-Flan-52;1612221110;1612231492
lah4ub;R_Dragoon46;1612221103;1612231492
lah4st;Variation-Separate;1612221099;1612231492
lah46k;pitter-pat;1612221058;1612231492
lah4on;jsataris86;1612221091;1612231492
lah3ok;TheWardOrganist;1612221022;1612231492
lah3c4;jeothesmar;1612220997;1612231492
lah34m;malvertiza;1612220981;1612231492
lah33s;LiveLaughLibor;1612220980;1612231492
lah2tt;possibly6;1612220959;1612231492
lah2q6;broneilbro;1612220950;1612231492
lah2ap;jsaacs;1612220917;1612231492
lah22c;duneet;1612220901;1612231492
lah1uf;Galdimaster;1612220885;1612231492
lah1qw;iScry;1612220878;1612231492
lah1jo;itsonlyfiat;1612220862;1612231492
lah1d1;elithewalkingcripple;1612220848;1612231492
lah19x;AnalogFresh;1612220841;1612231492
lah198;Perverted_Senpai;1612220839;1612231492
lah17i;BarmeIo-Xanthony;1612220836;1612231493
lah0hg;monsieurmatthieu;1612220785;1612231493
lah0fl;Feylin;1612220781;1612231493
lah0bi;paper_bull;1612220773;1612231493
lah07i;Creamsaver;1612220765;1612231493
lah00v;Playful-Bet-4434;1612220753;1612231493
lagzuq;Raptor_H_Christ;1612220740;1612231493
lagzlj;Geats2mp1sbroken;1612220721;1612231493
lagzcz;officialwillyum;1612220704;1612231493
lagz64;sks84;1612220690;1612231493
lagz3f;JoweyS;1612220685;1612231493
lagyxa;lucrative_minds;1612220673;1612231493
lagyrf;marovos;1612220662;1612231493
lagypi;BluPrince;1612220658;1612231493
lagybk;ItsAllJustASickGame;1612220632;1612231493
lagy7o;alwaysnever77;1612220625;1612231493
lagxz0;tall_giraffe3232;1612220609;1612231493
lagxfw;Inigo_freshh;1612220571;1612231493
lagxei;Alex09464367;1612220569;1612231493
lagxco;tirtha2shredder;1612220566;1612231493
lagx6f;Advanced-Objective-9;1612220551;1612231493
lagwyw;wstrucke;1612220534;1612231493
lagwom;weddingpunch;1612220510;1612231493
lagw9m;JedGuzman;1612220480;1612231493
lagw1v;Deadzer000;1612220467;1612231493
lagvo4;baldwin987;1612220438;1612231495
lagvnn;FortniteBush23;1612220438;1612231495
lagvjd;BigBump;1612220430;1612231495
lagv29;MonkOriginal;1612220404;1612231495
laguvn;ME_NO_SMART_GUY;1612220392;1612231495
lagusb;sparklycosine;1612220384;1612231495
lagupp;No-Statistician4080;1612220378;1612231495
laguhp;djmba;1612220360;1612231495
lagtum;MindOverMatter12349;1612220312;1612231495
lagtqz;jipmkwa;1612220305;1612231495
lagtid;Iknowyougotsole;1612220289;1612231495
lagtd3;CMilf5206;1612220279;1612231495
lagt9j;kingkauran;1612220271;1612231495
lagt9g;bustd0wn;1612220271;1612231495
lagsnq;thesneekyturtle;1612220223;1612231495
lagsgk;cb_flossin;1612220210;1612231495
lags8u;-ordinary;1612220198;1612231495
lags72;Noonish1234;1612220196;1612231495
lagrc3;DewHoneyDre;1612220148;1612231495
lagr7q;iXttra;1612220142;1612231495
lagr5s;deincarnated;1612220139;1612231495
lagr42;gzb_888;1612220136;1612231495
lagqiz;elkomanderJOZZI;1612220098;1612231495
lagpt3;sped_daddy;1612220041;1612231495
lagpsd;Brian_226;1612220039;1612231495
lagpcr;nnhhggffty;1612220006;1612231496
lagoql;wankeronthepiss;1612219955;1612231496
lagoqd;bittercripple6969;1612219954;1612231496
lago66;deanjos;1612219913;1612231496
lagofg;GeorgeTultan;1612219932;1612231496
lago11;al3jandrus;1612219901;1612231496
lagniw;newportking10;1612219866;1612231496
lagndg;-_SUPERMAN_-;1612219853;1612231496
lagmqg;tibtub;1612219816;1612231496
lagmcy;Roh-;1612219792;1612231496
lagmao;FoundationForAutism;1612219787;1612231496
lagm7p;SoulAssassyn;1612219781;1612231496
lagm1z;Dissapointing_Rommel;1612219770;1612231496
lagm06;curiosity44;1612219766;1612231496
laglv5;JeffCavaliere-here;1612219755;1612231496
laglb4;Gbear831;1612219710;1612231496
lagl9s;JaZ_Zilla;1612219708;1612231496
lagkqv;rainbowgoblin;1612219668;1612231496
lagk1g;wallstreetstonks;1612219614;1612231496
lagjvp;Herman999999999;1612219602;1612231496
lagjpd;thekardknight;1612219589;1612231496
lagjgo;I_am_Not_a_Planet;1612219570;1612231496
lagj0y;-RelevantUserName--;1612219534;1612231496
lagifw;patrickbateman88;1612219491;1612231496
laghxr;TheForager;1612219454;1612231496
laghno;overlord_orion;1612219432;1612231498
laghmj;camhayter;1612219429;1612231498
laghi1;jamsi;1612219418;1612231498
laghfg;SoggyGotBanned;1612219413;1612231498
lagh8f;dafoosball13;1612219400;1612231498
laggw3;raizoken23;1612219379;1612231498
lagggo;shxhhsahhz;1612219347;1612231498
laggds;crapspamstuff;1612219340;1612231498
lagg9x;kpw1179;1612219332;1612231498
lagfhd;junjie21;1612219277;1612231498
lagf39;IseraphumI;1612219247;1612231498
lageow;GandalfBlue12;1612219217;1612231498
laged6;BagofBabbish;1612219192;1612231498
lageb7;OkuTheOutsider;1612219188;1612231498
lagdp5;RunConnorBack;1612219139;1612231498
lagdmd;lukepl12;1612219133;1612231498
lagdjy;dranzerfu;1612219128;1612231498
lagde5;pjorgypjorg;1612219115;1612231498
lagd99;Winux12;1612219105;1612231498
lagd79;alekazam44;1612219101;1612231498
lagd4b;brucehuy;1612219095;1612231498
lagd2m;HeezyB;1612219091;1612231498
lagcyw;deeedubb;1612219083;1612231498
lagcth;PM_Me_Shitty_Quotes;1612219071;1612231498
lagc3k;Technical-Ad-1603;1612219018;1612231498
lagbzo;MessyHot;1612219010;1612231499
lagb9e;That-Possible-2402;1612218955;1612231499
lagb8i;donaupruth1;1612218953;1612231499
lagb7p;redrum7049;1612218952;1612231499
lagakp;Ninjapro2;1612218919;1612231499
lagajz;TopIncident3372;1612218918;1612231499
laga7x;yo_az;1612218897;1612231499
laga4u;BlackTieMarket;1612218891;1612231499
lag9mv;pizzabaconator;1612218854;1612231499
lag9m5;NoBunnIntended;1612218853;1612231499
lag9lj;KoodaMatata;1612218851;1612231499
lag99m;EducationalAd843;1612218826;1612231499
lag8u1;JohnnyTokyo420;1612218794;1612231499
lag7s4;alphabluepiller;1612218715;1612231499
lag8bi;SurgicalSeyeco;1612218754;1612231499
lag88v;ApexFred;1612218750;1612231499
lag7w2;chief9999999;1612218724;1612231499
lag7sp;grsshppr_km;1612218717;1612231499
lag79r;mojolabs1;1612218682;1612231499
lag7gu;DegenerateHSgambler;1612218693;1612231499
lag6tr;chrisaaron008;1612218656;1612231499
lag6cv;SoTurnMeIntoATree;1612218632;1612231499
lag65f;Mygenerationisweak;1612218621;1612231499
lag60b;sramadu;1612218614;1612231499
lag5pj;laiod;1612218596;1612231499
lag5d0;captaincoochieee;1612218571;1612231500
lag5ap;xilb51x;1612218565;1612231500
lag56i;Odd_Dimension9300;1612218556;1612231500
lag4gu;Myllokunmingia;1612218502;1612231500
lag4dl;_NELT_;1612218495;1612231500
lag40c;gigglemonkee;1612218470;1612231500
lag391;Kalvarie;1612218412;1612231500
lag30v;YourArguinWithAidiot;1612218393;1612231500
lag2yx;Quirky-Donut1269;1612218389;1612231500
lag2pn;mcsleepyy1;1612218368;1612231500
lag2ma;NudleNut;1612218360;1612231500
lag2de;Mugtown;1612218342;1612231500
lag263;pm-me-titsss;1612218326;1612231500
lag21e;__geo___;1612218318;1612231500
lag1sm;WanderingAndNotLost;1612218301;1612231500
lag1k2;draftas35;1612218283;1612231500
lag1h3;sglah;1612218276;1612231500
lag1ds;ldog50;1612218269;1612231500
lag1d3;Semmel_Baecker;1612218268;1612231500
lag0py;BusinessLongjumping;1612218220;1612231500
lag0ay;Djcbass;1612218191;1612231500
lafzil;FUTURE10S;1612218132;1612231500
lafzf4;EnvironmentalTap6311;1612218128;1612231500
lafz1i;Bluecoregamming;1612218101;1612231500
lafz00;rmb19cab;1612218098;1612231500
lafyz6;panicrubes;1612218096;1612231501
lafypt;donaupruth1;1612218080;1612231501
lafym1;mrmunches;1612218072;1612231501
lafye7;PleaseNoTerries;1612218057;1612231501
lafyao;TheRealJeffFisher;1612218051;1612231501
lafy84;FBaINVADER;1612218047;1612231501
lafxg1;justforcodingthings;1612218007;1612231501
lafxe7;CharliesMunger;1612218005;1612231501
lafxaa;dikbutt4lyfe;1612217998;1612231501
lafwsb;InvestingHomie;1612217960;1612231501
lafwk8;jlacin1;1612217942;1612231501
lafwab;dijkstras_revenge;1612217922;1612231501
lafvqt;epheronFC;1612217884;1612231501
lafvmq;OblivionYMD;1612217877;1612231501
lafvi5;DaddyRolfe;1612217869;1612231501
lafv8f;arrehandro1;1612217850;1612231501
lafuk3;vnsssh;1612217799;1612231501
lafuof;Amazing-Highway-9662;1612217808;1612231501
lafun7;Anxious_Analysis_314;1612217806;1612231501
lafud2;BrotAimzV;1612217786;1612231501
lafubu;philchristensennyc;1612217783;1612231501
lafu8m;Head-Protection-192;1612217777;1612231501
laftk7;Rapknife;1612217727;1612231501
laftej;teamdolla;1612217716;1612231501
laftd5;EkajEX;1612217714;1612231501
laftas;DextrousTuba795;1612217711;1612231503
laft79;Juggling-sleuth;1612217706;1612231503
laft40;DrewTheMfGoat;1612217701;1612231503
laft1k;brandonm0806;1612217696;1612231503
lafszd;FallenOverTree;1612217691;1612231503
lafsnh;inkognibro;1612217667;1612231503
lafsd1;pxc5058;1612217646;1612231503
lafsaq;truthmightsurprise;1612217641;1612231503
lafryo;laptop987;1612217616;1612231503
lafrxa;cheeseknuckles008;1612217614;1612231503
lafrbh;vnsssh;1612217567;1612231503
lafrrp;poopiensnshs;1612217601;1612231503
lafr0s;blackfyre__;1612217549;1612231503
lafqqu;Professional_h;1612217530;1612231503
lafqks;iStillHavetoGoPee;1612217517;1612231503
lafqhg;AllDrumsNoFlats;1612217509;1612231503
lafq75;RepeatProphet;1612217489;1612231503
lafq0y;ElectroCypher;1612217476;1612231503
lafpza;jecgeinc;1612217473;1612231503
lafpxh;Malarkish;1612217469;1612231503
lafpmd;antiloserz;1612217445;1612231503
lafpjd;_NicolasCageMatch_;1612217439;1612231503
lafphr;thatguythx1138;1612217436;1612231503
lafp6p;lurkystrike;1612217413;1612231503
lafp5s;Darkxler;1612217411;1612231503
lafozl;Mr_RandomThoughts;1612217398;1612231504
lafom1;SailboatInCartagena;1612217371;1612231504
lafogv;Joepokah;1612217362;1612231504
lafoeg;SusBumParty;1612217357;1612231504
lafo19;Henkie-T;1612217331;1612231504
lafnwf;girlfriendbeatsme;1612217322;1612231504
lafnvi;Gatherel;1612217319;1612231504
lafnk3;cman8tor;1612217298;1612231504
lafnf0;Schreep;1612217287;1612231504
lafn4i;errorunknown;1612217265;1612231504
lafmxk;Muted_Idea;1612217251;1612231504
lafmgw;632point8;1612217218;1612231504
lafm4k;Stonksonlygoupretard;1612217194;1612231504
laflm7;mmartisr;1612217157;1612231504
lafkza;JohanCody;1612217108;1612231504
lafkh5;i-like-to;1612217073;1612231504
lafke0;St3rlinArch3r;1612217067;1612231504
lafjwv;NudleNut;1612217033;1612231504
lafjtv;KodaInThaCity;1612217026;1612231504
lafjnq;IDCimSTRONGERtnUinRL;1612217014;1612231504
lafj3l;FiveDollarPutLong;1612216976;1612231504
lafh4d;rumblesaurus69;1612216853;1612231504
lafgod;zendude125;1612216830;1612231504
lafg52;issarepost;1612216802;1612231504
lafg0j;oeluy2004;1612216792;1612231504
laffx6;chicago1313;1612216785;1612231505
laffnp;TheKingusDingus;1612216766;1612231505
lafezg;im_pride;1612216718;1612231505
laferl;SenateMajorityLeader;1612216701;1612231505
lafecx;Slipperyjimminy;1612216669;1612231505
lafdp4;joshjitsu311;1612216620;1612231505
lafdnd;ipodtouchacks;1612216616;1612231505
lafcai;SuperShae;1612216531;1612231505
lafc55;zerk4now;1612216523;1612231505
lafbjq;thebeanercalva;1612216488;1612231505
lafb9j;derek1080;1612216468;1612231505
lafb1x;Gold-Professional-92;1612216452;1612231505
lafaow;wander_all_over;1612216426;1612231505
lafalg;wortiz13;1612216420;1612231505
lafahh;HistoryGuardian;1612216410;1612231505
lafaau;Fayjaimike;1612216398;1612231505
lafa5y;Liam_P;1612216387;1612231505
lafa55;CuteRadio;1612216386;1612231505
laf9z3;Noonish1234;1612216373;1612231505
laf9sl;cjh1997;1612216360;1612231505
laf9qo;eddymark619;1612216356;1612231505
laf9q4;liquiscronr;1612216354;1612231505
laf9m0;SMALLlawORbust;1612216347;1612231505
laf9l5;gzb_888;1612216345;1612231505
laf987;Drogzar;1612216318;1612231505
laf6xq;JonMavrick;1612216173;1612231507
laf675;TooDamnThin;1612216119;1612231507
laf62g;joinfolks;1612216110;1612231507
laf59u;Aldy12;1612216052;1612231507
laf4oi;ozzim;1612216011;1612231507
laf4nv;Augusstius;1612216010;1612231507
laf4he;KyloFenn;1612215993;1612231507
laf48u;maruhan2;1612215976;1612231507
laf42w;landmanpgh;1612215964;1612231507
laf3oq;KUNKUN10;1612215934;1612231507
laf2r4;gizmokrap;1612215864;1612231507
laf2as;JiNnXxXxTV;1612215832;1612231507
laf272;JBlue8120;1612215823;1612231507
laf20r;Dry_Responsibility54;1612215811;1612231507
laf1qw;IAMTHEBOSS4;1612215789;1612231507
laf1d3;Eye-pooper;1612215761;1612231507
laf148;Mateotey;1612215743;1612231507
laf0sw;MrPapajorgio;1612215721;1612231507
laf0lf;KoachFit;1612215704;1612231507
laf0c7;SteveIsNuts;1612215685;1612231507
laf07e;Shourinkai;1612215675;1612231507
laezmo;errorunknown;1612215643;1612231507
laezgv;palantears;1612215635;1612231507
laezgl;toddj3000;1612215635;1612231507
laezdm;pointlessguy07;1612215630;1612231507
laeywp;KidKannabis;1612215600;1612231508
laeyc8;GeneralElderberry903;1612215559;1612231508
laexxi;tinypantsondeck;1612215530;1612231508
laexxb;9xD4aPHdEeb;1612215530;1612231508
laext3;devdevgoat;1612215521;1612231508
laexpg;DrRickSavageMD;1612215513;1612231508
laex9j;Counter-Business;1612215479;1612231508
laex7g;hsjwbksx;1612215475;1612231508
laex1v;Tincansailor59;1612215465;1612231508
laewun;Mazzolaoil;1612215452;1612231508
laew7b;mighty_woebot;1612215406;1612231508
laeuyh;flyingberries;1612215330;1612231508
laeuqw;JamesBond95;1612215319;1612231508
laeu0j;Electrical_Intention;1612215271;1612231508
laetkj;WhatIfZebrasCouldFly;1612215242;1612231508
laetcz;R055ta;1612215227;1612231508
laet76;BeyondKontrol;1612215217;1612231508
laet2d;Carne_Asada_Taco;1612215208;1612231508
laes2t;juicylucy626;1612215136;1612231508
laerok;seebz69;1612215109;1612231508
laerdp;SnowBreaux040;1612215087;1612231508
laer0k;FireFlyRox;1612215062;1612231508
laeqsk;thenewlyfounded;1612215045;1612231508
laeqqn;AlexandarDamnilton;1612215042;1612231508
laeqp3;Trev0r_P;1612215039;1612231508
laeqok;Nolio1212;1612215039;1612231509
laeqge;Basil015;1612215026;1612231509
laepom;Optimistic_Twig;1612214981;1612231509
laepjr;night_shark_115;1612214972;1612231509
laepfg;goldman-sux;1612214965;1612231509
laepf7;d5ht;1612214964;1612231509
laep9e;get-the-lobster;1612214954;1612231509
laep89;4bacon;1612214951;1612231509
laep62;guywholovesplants;1612214947;1612231509
laep2y;Jaquezee;1612214941;1612231509
laeovx;The_Bronze_Scrub;1612214927;1612231509
laeovn;joederrick21;1612214927;1612231509
laeon2;Salatini;1612214910;1612231509
laeoez;BlazdRiteNow;1612214894;1612231509
laeoay;Snauwflake;1612214886;1612231509
laenlw;Extra_Teaching_7044;1612214836;1612231509
laenkj;colkcolkcolk;1612214834;1612231509
laenin;AstroSolutions;1612214830;1612231509
laenfw;ElNinoDelGato;1612214825;1612231509
laen3u;chinesericky;1612214800;1612231509
laemha;Kekmistry;1612214756;1612231509
laem2z;RobinhoodGuh;1612214728;1612231509
laekah;spaceforcessgt;1612214603;1612231509
laejtw;SmitePlug;1612214570;1612231509
laejnr;Cgmstan;1612214556;1612231509
laeji9;Lonely_Funguss;1612214545;1612231510
